id,name,source
215,chromeos,
81,v8,
178,native_client,
140,notification,
98,android,
216,ios,
217,win,
200,speed,b
201,platform,b
202,os,b
203,upboarding,b
204,internals,b
205,familyexperiences,b
206,webstore,b
207,privacy,b
208,enterprise,b
210,admin,b
195,test,b
211,io,b
212,mobile,b
213,security,b
214,design,b
3,ui,b
45,services,b
75,fuchsia,b
125,infra,b
171,tools,b
188,blink,b
1,courgette,
4,skia,
6,url,
7,content,
17,cloud_print,
37,headless,
42,remoting,
46,mash,
49,ash,
54,views,
56,crypto,
58,aura,
59,rlz,
61,printing,
71,athena,
73,mandoline,
79,sql,
85,net,
91,mojo,
105,google_apis,
107,gfx,
110,sync,
113,utils,
116,ppapi,
119,o3d,
130,breakpad,
135,ipc,
141,media,
142,device,
143,extensions,
147,app,
150,weblayer,
155,pdf,
158,storage,
159,webkit,
164,sdch,
165,sandbox,
172,webrunner,
189,google_update,
191,cc,
193,gpu,
199,docs,
87,third_party,
